rank,tier,title,category,gap,placement,effort,current_support,proposed_increment,priority_rationale,observed_precedent,dependencies,source_numbers,source_titles,source_urls,source_notes
1,First shortlist,Standard Schema validation adapter,Validation,Integration,Adapter,L,Custom sync and async validators exist; no exported Standard Schema bridge.,"Accept compatible schemas, execute once per relevant value revision, and map nested issues to live nodes without requiring injection.",Avoids duplicating domain rules and connects several schema ecosystems through one small public entry point.,Angular 22 implements a Standard Schema bridge and tests reactive schemas and nested issue paths.,None,1; 2; 7,Angular 22.1.6: Standard Schema implementation; Angular 22.1.6: Standard Schema tests; TanStack Form: validation,https://github.com/angular/angular/blob/356adf749188d996a641181c56621a6285126f3c/packages/forms/signals/src/api/rules/validation/standard_schema.ts; https://github.com/angular/angular/blob/356adf749188d996a641181c56621a6285126f3c/packages/forms/signals/test/node/api/validators/standard_schema.spec.ts; https://tanstack.com/form/latest/docs/framework/react/guides/validation,"Pinned release implementation; sync/async execution and issue targeting.; Pinned tests; reactive schemas, nested paths, mixed validation and empty values.; Official documentation; unversioned unless indicated."
2,First shortlist,Changes relative to a saved baseline,State,API,Core,M,dirty() records interaction and stays dirty after a user restores the original value.,"Add a separate comparison-based changed state for leaves and aggregates, with explicit equality and array-order semantics.",Supports correct Save buttons and unsaved-change warnings across ordinary edit screens.,React Hook Form exposes isDirty relative to default values.,3,10,React Hook Form: formState,https://raw.githubusercontent.com/react-hook-form/documentation/master/src/content/docs/useform/formstate.mdx,"Official documentation source; live master, not a release pin."
3,First shortlist,Redefine the reset baseline after loading or saving,State,API,Core,M,reset(value) changes values and interaction; resetToInitial() retains declaration-time defaults.,"Provide an explicit operation to accept a new baseline, including partial/subtree policy and array identity handling.",Makes the saved server record the next meaningful reset target.,Mantine exposes setInitialValues; Inertia exposes defaults updates.,None,21; 28,Mantine: form values; Inertia v2: forms,https://mantine.dev/form/values/; https://inertiajs.com/docs/v2/the-basics/forms,"Official documentation; unversioned unless indicated.; Versioned v2 reference; newer documentation exists, so this is not a latest-version claim."
4,First shortlist,Refresh server data while preserving local edits,Data workflow,Composition,Helper,L,"set(), patch() and trackBy reconciliation exist; callers implement edit-aware merging.","Merge incoming records against a baseline, preserving edited fields and reporting conflicting edits or row removals.",Prevents a background refresh from silently overwriting work.,Final Form documents keepDirtyOnReinitialize; React Hook Form offers keepDirtyValues.,"2,3",17; 11,Final Form: Config; React Hook Form: reset,https://final-form.org/docs/final-form/types/Config; https://raw.githubusercontent.com/react-hook-form/documentation/master/src/content/docs/useform/reset.mdx,"Official documentation; unversioned unless indicated.; Official documentation source; live master, not a release pin."
5,First shortlist,Typed control-to-model codecs,Controls,API,Adapter,L,Native number/date parsing and CVA error contributions exist; custom conversion is application code.,"Expose reusable parse/format contracts with different control and model types, preserving incomplete input and the last valid committed value.","Simplifies dates, money and third-party controls without repeating conversion and error lifecycle logic.",Superforms provides typed value proxies for string-facing inputs.,None,29,Superforms v2: proxy objects,https://superforms.rocks/concepts/proxy-objects,Official documentation; unversioned unless indicated.
6,First shortlist,Validation execution triggers independent of value commits,Validation,API,Core,L,Reactive validators and buffered commits exist; debounce changes when values commit.,"Offer explicit change, blur or submit validation scheduling while retaining immediate committed-value updates when requested.",Reduces expensive work without delaying the model that other application logic reads.,TanStack Form separates validation by event cause.,None,7,TanStack Form: validation,https://tanstack.com/form/latest/docs/framework/react/guides/validation,Official documentation; unversioned unless indicated.
7,First shortlist,Public mutation batching,State,API,Core,M,Individual aggregate operations batch internally; separate consumer operations still form separate updates.,"Expose a scoped batch for several mutations, with defined callback delivery, validation timing and exception behavior.",Keeps dependent multi-field changes coherent and avoids repeated application callbacks.,Final Form exposes batch() and separate validation pause/resume operations.,None,16,Final Form: FormApi,https://final-form.org/docs/final-form/types/FormApi,Official documentation; unversioned unless indicated.
8,First shortlist,Nonblocking warnings,Validation,API,Core,M,Validation errors participate in invalidity; informational feedback requires separate application state.,Add a warning channel with its own aggregation and messages that never blocks submission.,Allows quality advice and suspicious-value hints without misclassifying acceptable data as invalid.,Felte supports separate warning validators and stores.,None,26,Felte: validation,https://felte.dev/docs/svelte/validation,Svelte documentation; separate warning validation is explicit.
9,First shortlist,Backend error maps addressed by paths,Validation,Integration,Adapter,M,onSubmit can return node-targeted errors and rejects stale results; applications translate backend paths themselves.,"Translate configurable backend path formats into live node targets, reporting unmatched paths and preserving request/value revision checks.",Removes recurring glue for nested API validation responses.,Vuelidate accepts external result maps; VeeValidate accepts field error maps.,29,24; 22,Vuelidate: advanced usage; VeeValidate v4: handling forms,https://vuelidate-next.netlify.app/advanced_usage; https://vee-validate.logaretm.com/v4/guide/composition-api/handling-forms,Official documentation; unversioned unless indicated.; Versioned v4 reference; not represented as the newest major.
10,First shortlist,Awaitable validation of a field or subtree,Validation,API,Core,L,Consumers read validation signals and configure validators; no public node-level awaitable validation runner is exposed.,"Run or join relevant validation, resolve against a defined value revision, and handle cancellation, detachment and pending descendants.","Provides a dependable foundation for Next, Check and Save workflows.",VeeValidate exposes validate() and validateField().,None,23,VeeValidate v5: useForm,https://vee-validate.logaretm.com/v5/api/use-form/,Versioned v5 API reference.
11,First shortlist,Shared error visibility policy,Validation UX,Composition,Helper,M,"dirty, touched, submitted and errors are available; each component decides when to show messages.","Provide a reactive visible-errors policy for blur, touch, submission and optional delayed presentation, without altering validity.",Makes custom controls consistent and avoids premature or flickering feedback.,FormKit configures validation visibility separately from rule execution.,None,37,FormKit: validation,https://formkit.com/essentials/validation,Official documentation; unversioned unless indicated.
12,First shortlist,Development-only node inspector,Developer tools,Integration,Tool,L,Signals and error queries are inspectable manually; no dedicated form inspector ships.,"Inspect tree structure, committed/control values, contributing errors, interaction state and ownership, with values redacted by default.",Shortens diagnosis of complex forms and makes the library easier to learn.,React Hook Form ships a DevTools companion.,None,13,React Hook Form DevTools,https://github.com/react-hook-form/devtools,Official companion tool; README/API evidence.
13,First shortlist,First-class wizard controller,Workflow,Composition,Helper,L,"A multi-step cookbook already demonstrates branch rendering, touching and validity checks.","Package step registration, guarded navigation, pending-validation coordination and routing to the step containing a submission error.","Turns a repeated recipe into a consistent, testable workflow API.",FormKit provides step navigation and beforeStepChange guards.,"10,18",36,FormKit: multi-step plugin,https://formkit.com/plugins/multi-step,Official @formkit/addons plugin; navigation helpers and step guards.
14,First shortlist,Autosave coordinator,Data workflow,Composition,Helper,L,"onValueChange can start a save; consumers own queuing, cancellation, retries and saved-state tracking.","Coordinate debounced saves of committed snapshots, coalesce newer edits, expose outcomes, and accept only the revision actually saved as the baseline.",Removes a common source of races and misleading saved indicators.,React Final Form publishes autosave examples.,"2,3,19,25",19,React Final Form: examples,https://final-form.org/docs/react-final-form/examples,"Official recipes; autosave and warnings are examples, not promises about core APIs."
15,First shortlist,Opt-in persistent drafts,Persistence,Integration,Helper,M,Applications can observe values and use storage; no managed persistence adapter ships.,"Persist selected fields with a key, expiry, serialization policy and restore decision; clear the draft only under an explicit successful-save policy.",Protects long forms from reloads without requiring each app to build storage lifecycle code.,FormKit provides a local-storage plugin with persistence hooks and expiry.,16,35,FormKit: local storage plugin,https://formkit.com/plugins/local-storage,Official plugin; persisted drafts and lifecycle options.
16,First shortlist,Capture and restore form checkpoints,State,API,Helper,L,reset and resetToInitial exist; they do not capture arbitrary current interaction and structural checkpoints.,"Capture values, supported node structure and interaction state; restore synchronously while cancelling stale pending work and rebuilding derived validation.","Enables cancelable edits, navigation restoration and reproducible debugging.",Superforms provides capture/restore snapshots.,7,30,Superforms v2: snapshots,https://superforms.rocks/concepts/snapshots,Official documentation; unversioned unless indicated.
17,First shortlist,Export changed values and structural patches,Data workflow,Composition,Helper,L,Full committed values are available; patch() consumes partial updates but does not produce a diff.,"Produce a typed change summary or explicit add/remove/replace/move representation against a chosen baseline, including array identity policy.",Makes PATCH requests and review screens accurate when fields or rows disappear.,Ember Changeset exposes a list of staged changes; structural patch output is our proposed extension.,"2,3,29",46,Ember Changeset,https://github.com/adopted-ember-addons/ember-changeset,"Maintainer repository; staged changes, execution, rollback and snapshots."
18,First shortlist,Accessible error summary with invalid-field navigation,Accessibility,Composition,Helper,M,allErrors and focus() exist; aggregate focus chooses a bound control rather than a dedicated invalid-field navigation strategy.,"Create ordered, labeled summary entries and focus/reveal the corresponding invalid control, including a host hook for hidden pages.",Helps users recover from large invalid submissions with keyboard and assistive technology.,Ant Design provides scrollToFirstError; Conform documents accessible error associations.,44,27; 48,Ant Design: Form; Conform: accessibility,https://ant.design/components/form/; https://conform.guide/accessibility,Official documentation; unversioned unless indicated.; Official documentation; unversioned unless indicated.
19,First shortlist,Cancelable submission with AbortSignal,Submission,API,Core,M,submit() exposes submitting state and blocks concurrent calls; no caller-owned cancellation contract is public.,Pass a request-scoped signal to the submit handler and expose cancellation with defined outcomes and stale-result rejection.,"Supports leaving a screen, replacing an autosave and stopping slow uploads.",Inertia forms expose cancellation.,None,28,Inertia v2: forms,https://inertiajs.com/docs/v2/the-basics/forms,"Versioned v2 reference; newer documentation exists, so this is not a latest-version claim."
20,First shortlist,Async record initialization state,Data workflow,Composition,Helper,M,The edit-server-data recipe loads externally and calls set/reset; loading and request races are application concerns.,"Coordinate loader state, errors, retries and latest-record ownership, then establish the baseline without overwriting intervening edits.",Removes boilerplate from nearly every server-backed edit form.,React Hook Form supports async default values and an isLoading state.,"3,4",12; 10,React Hook Form: useForm; React Hook Form: formState,https://raw.githubusercontent.com/react-hook-form/documentation/master/src/content/docs/useform.mdx; https://raw.githubusercontent.com/react-hook-form/documentation/master/src/content/docs/useform/formstate.mdx,"Official documentation source; live master, not a release pin.; Official documentation source; live master, not a release pin."
21,Next candidates,Typed submission output transformations,Submission,API,Helper,M,onSubmit receives exposed form values; applications transform them inside their handlers.,"Define a typed input-to-output projection evaluated for a specific submit snapshot, optionally using a schema's parsed output.",Separates editable representations from the DTO while retaining compile-time output inference.,Mantine exposes transformValues and its transformed output type.,None,21,Mantine: form values,https://mantine.dev/form/values/,Official documentation; unversioned unless indicated.
22,Next candidates,Submit policy that waits for validation,Submission,API,Core,M,The valid gate refuses pending state; it does not await completion and automatically resume the same attempt.,"Add an explicit wait policy using a stable value revision, cancellation and timeout; invoke the handler only after that revision satisfies the gate.",Prevents users needing a second click after remote validation finishes.,jQuery Validation defers submission while remote requests are pending.,"10,19",65,jQuery Validation: core validator implementation,https://raw.githubusercontent.com/jquery-validation/jquery-validation/master/src/core.js,"Official source; step validation, deferred submission, and reuse of matching remote-validation results."
23,Next candidates,Public source-owned error contributions,Validation,API,Core,M,"CVA/state hooks, Angular-control bridges and returned submission errors already contribute errors through scoped paths.","Expose an application-level error source with update and dispose semantics, preserving independent sources and clearing only the owner's errors.","Supports external services, imported diagnostics and background checks outside a bound component.",Vuelidate external results illustrate independent application error input; ownership leases are our proposed refinement.,None,24,Vuelidate: advanced usage,https://vuelidate-next.netlify.app/advanced_usage,Official documentation; unversioned unless indicated.
24,Next candidates,Typed submit intents,Submission,API,Core,M,Native submit events can be observed; submit() has no typed action metadata parameter.,"Pass a typed intent such as saveDraft or publish through native and programmatic submission, with explicitly selected gating policy.",Lets one form support different actions without side-channel flags or timing-sensitive button handlers.,TanStack Form supports submit metadata; Conform demonstrates intent buttons.,None,9; 47,TanStack Form: submission handling; Conform: intent buttons,https://tanstack.com/form/latest/docs/framework/react/guides/submission-handling; https://conform.guide/intent-button,Official documentation; unversioned unless indicated.; Official documentation; unversioned unless indicated.
25,Next candidates,Submission outcome and result state,Submission,API,Helper,M,"submitted means an attempt occurred; submitting does not record success, failure, result or attempt count.","Expose typed last outcome, attempt count and optional result data with reset and stale-attempt semantics.","Simplifies success feedback, retries and parent coordination.",Final Form exposes success/failure state; React Hook Form exposes submission count and success.,19,18; 10,Final Form: FormState; React Hook Form: formState,https://final-form.org/docs/final-form/types/FormState; https://raw.githubusercontent.com/react-hook-form/documentation/master/src/content/docs/useform/formstate.mdx,"Official documentation; unversioned unless indicated.; Official documentation source; live master, not a release pin."
26,Next candidates,Unsaved-change navigation guard,Workflow,Composition,Adapter,M,Consumers can combine router hooks and state; dirty alone cannot represent data restored to its saved value.,"Provide router and beforeunload integration driven by baseline changes, with explicit discard/continue handling and disposal.",Prevents accidental abandonment while avoiding warnings for already-saved or reverted data.,Superforms supports tainted-form navigation confirmation.,"2,3",31,Superforms v2: tainted fields,https://superforms.rocks/concepts/tainted,Official documentation; unversioned unless indicated.
27,Next candidates,Selective reset options,State,API,Core,M,reset clears interaction in its scope; resetToInitial restores captured defaults; retention is not configurable.,"Allow explicit retention of selected interaction, error-source and submission states while independently choosing values and baseline policy.",Supports successful partial saves and server corrections without resetting unrelated UX.,React Hook Form exposes granular reset retention options.,"3,23,25",11,React Hook Form: reset,https://raw.githubusercontent.com/react-hook-form/documentation/master/src/content/docs/useform/reset.mdx,"Official documentation source; live master, not a release pin."
28,Next candidates,Server validation hydration envelope,Server integration,Integration,Adapter,L,"Angular binding hydration is tested; values and errors can be supplied separately, but no portable server form-state envelope exists.","Hydrate matching schema/value revisions, errors and baseline as one unit, rejecting stale or incompatible envelopes and avoiding a false first-render transition.",Supports server-rendered validation responses and consistent first-paint feedback.,VeeValidate supports initial errors; Superforms returns validated form data from server actions.,"1,3,9",22; 34,VeeValidate v4: handling forms; Superforms v2: file uploads,https://vee-validate.logaretm.com/v4/guide/composition-api/handling-forms; https://superforms.rocks/concepts/files,Versioned v4 reference; not represented as the newest major.; Official documentation; unversioned unless indicated.
29,Next candidates,Typed deep paths and composable lenses,Type API,API,Helper,M,Direct child access and immediate add/get/remove exist; reusable infrastructure must implement deep traversal.,Provide typed path tuples and composable node lenses with safe optional/dynamic traversal and explicit unresolved results.,Helps reusable subform components and backend adapters without replacing ergonomic direct node access.,React Hook Form Lenses supplies composable typed field traversal.,None,14,React Hook Form Lenses,https://github.com/react-hook-form/lenses,Official companion package; README/API evidence.
30,Next candidates,Native File and File[] bindings,Controls,API,Adapter,M,Atomic fields can hold rich values; the native file input currently falls through to string value handling.,"Read selected files with typed single/multiple policy, clear the DOM correctly on reset, and model existing attachments separately from a browser selection.",Fills a concrete native-control gap in common profile and attachment forms.,FormKit and Superforms provide file input binding helpers.,None,40; 34,FormKit: file input; Superforms v2: file uploads,https://formkit.com/inputs/file; https://superforms.rocks/concepts/files,Official documentation; unversioned unless indicated.; Official documentation; unversioned unless indicated.
31,Next candidates,Nested FormData serialization and decoding,Transport,Integration,Adapter,M,Nodes expose JavaScript values; callers define transport encodings.,"Encode/decode nested objects, repeated arrays, nulls, booleans and files under a documented naming convention with validation of decoded input.",Avoids incompatible multipart payload conventions across applications.,Superforms handles file-aware requests and distinguishes nested JSON transport from ordinary FormData; our proposal would define its own explicit multipart convention.,30,34; 81,Superforms v2: file uploads; Superforms v2: nested data,https://superforms.rocks/concepts/files; https://superforms.rocks/concepts/nested-data,Official documentation; unversioned unless indicated.; Documents nested transport and the distinction between JSON data and browser FormData.
32,Next candidates,Typed submission field projection,Submission,Composition,Helper,M,Hidden and disabled values remain in the model; consumers manually remove UI-only fields before sending.,Select included paths or apply an explicit participation predicate at the submit boundary while preserving the complete editable model.,"Prevents accidental transport of confirmation fields, display state and irrelevant branches.",VeeValidate exposes controlledValues and withControlled submission.,29,22,VeeValidate v4: handling forms,https://vee-validate.logaretm.com/v4/guide/composition-api/handling-forms,Versioned v4 reference; not represented as the newest major.
33,Next candidates,Opt-in binding participation policy,Structure,API,Adapter,L,Node lifetime is independent of DOM mounting; unbinding releases ownership but does not remove model data.,"Offer an explicit binding-managed policy for retain, exclude or unregister, including reference counting for multiple hosts.",Makes conditional DOM-driven forms possible without changing the current safe default.,React Hook Form exposes shouldUnregister; Modular Forms distinguishes active mounted fields.,32,12; 51,React Hook Form: useForm; Modular Forms: Field,https://raw.githubusercontent.com/react-hook-form/documentation/master/src/content/docs/useform.mdx; https://modularforms.dev/react/api/Field,"Official documentation source; live master, not a release pin.; Maintenance-mode predecessor of Formisch; used as a historical API precedent."
34,Next candidates,Named validation scopes independent of tree shape,Validation,API,Helper,M,Groups provide structural aggregation; one node belongs to one structural parent.,Define reusable selections of nodes for validation and feedback without moving or duplicating them in the tree.,"Supports approval sections, tabs and cross-cutting checks over an existing DTO shape.",Parsley has named validation groups; Vuelidate offers validation scopes.,"10,29",63; 24,Parsley: documentation; Vuelidate: advanced usage,https://parsleyjs.org/doc/; https://vuelidate-next.netlify.app/advanced_usage,jQuery ecosystem; validation groups and priority policy.; Official documentation; unversioned unless indicated.
35,Next candidates,Different revalidation policy after submission,Validation UX,API,Helper,M,"Consumers can write conditional validators, but no shared validation phase policy ships.","Select an initial trigger and a different trigger after the first attempted submit, with a reset operation that restores the initial phase.",Allows quiet first entry followed by responsive correction after an error.,TanStack revalidateLogic separates mode from modeAfterSubmission.,6,8,TanStack Form: dynamic validation,https://tanstack.com/form/latest/docs/framework/react/guides/dynamic-validation,Official documentation; unversioned unless indicated.
36,Next candidates,Rule priority and fail-fast execution,Validation,API,Core,M,Multiple rules can contribute errors; no public general priority or bail policy is exposed.,"Offer stable priorities and explicit collect-all versus stop-on-failure execution, defining how async rules and cancellation interact.",Avoids unnecessary expensive checks after a prerequisite has already failed.,Parsley supports validation priorities; Ant Design exposes validateFirst.,None,63; 27,Parsley: documentation; Ant Design: Form,https://parsleyjs.org/doc/; https://ant.design/components/form/,jQuery ecosystem; validation groups and priority policy.; Official documentation; unversioned unless indicated.
37,Next candidates,Validation-only normalization,Validation,Composition,Helper,S,Applications can transform values inside custom validators; no reusable validation-input normalization helper ships.,"Compose a normalizer that changes only what validators inspect, leaving displayed and committed values unchanged.",Useful for whitespace-insensitive checks when silently rewriting user input would be wrong.,jQuery Validation provides a normalizer hook.,None,66,jQuery Validation: normalizer,https://jquery-validation.github.io/normalizer/,Official documentation; unversioned unless indicated.
38,Next candidates,Remote validation result cache,Validation,Composition,Helper,M,"Async cancellation, parameters and debounce exist; repeat requests are not backed by a public cache policy.","Cache by rule identity and all relevant parameters with expiry, invalidation and explicit per-form or shared ownership.",Reduces repeated network work when users revisit the same values.,jQuery Validation reuses the prior result when serialized remote parameters match.,None,65,jQuery Validation: core validator implementation,https://raw.githubusercontent.com/jquery-validation/jquery-validation/master/src/core.js,"Official source; step validation, deferred submission, and reuse of matching remote-validation results."
39,Next candidates,Validation probes without publishing new messages,Validation UX,API,Core,M,"Reading valid() is non-mutating, but there is no explicit run that returns fresh async results while withholding their presentation.",Provide a validate-only execution mode returning results without touching fields or replacing visible message state; make result lifetime explicit.,Useful for eligibility previews and action availability checks before requesting user correction.,Ant Design exposes validateFields({ validateOnly: true }).,"10,11",27,Ant Design: Form,https://ant.design/components/form/,Official documentation; unversioned unless indicated.
40,Next candidates,Transactional subform editing,State,Composition,Helper,L,A nested form mutates its own live tree; a separate form can be constructed manually for a dialog.,Fork an editable working copy with explicit apply/cancel and conflict detection if the source changes while the dialog is open.,Makes modal address or row editors predictable without leaking half-completed edits into the parent.,Ember Changeset stages changes before execute/save and supports rollback.,"4,16",46,Ember Changeset,https://github.com/adopted-ember-addons/ember-changeset,"Maintainer repository; staged changes, execution, rollback and snapshots."
41,Next candidates,Undo and redo history,State,Composition,Helper,L,reset returns to a declared baseline; no ordered user-edit history is maintained.,"Record bounded, coalesced checkpoints with transaction boundaries, redo invalidation and exclusions for sensitive or large values.",Benefits long content and administrative forms where a single reset is too coarse.,React Form Autosave documents optional undo/redo history; evidence is limited to its README.,"7,16",45,React Form Autosave,https://github.com/686f6c61/react-form-autosave,"Small community helper. README evidence only; maintenance, reliability and adoption were not independently established."
42,Next candidates,Infer node constraints from external schemas,Schema integration,Integration,Adapter,L,Built-in validators already supply required/min/max metadata; schema libraries are not connected.,Add schema-specific introspection bridges for supported required/range/pattern constraints and document unsupported refinements.,Keeps native attributes and visual requirements consistent with external domain schemas.,Formly maps JSON Schema into field configuration. Standard Schema validation alone does not guarantee introspection.,1,59,Formly: JSON Schema,https://formly.dev/docs/guide/json-schema/,Official documentation; unversioned unless indicated.
43,Next candidates,Optional browser constraint-validation bridge,Accessibility,Integration,Adapter,M,Native parsing and several constraint attributes are synchronized; no full public setCustomValidity/reportValidity policy ships.,Bridge selected node errors to browser custom validity and define native versus custom presentation without introducing duplicate submission paths.,Supports applications that want browser validation UI while retaining node-based rules.,React Spectrum exposes native versus ARIA validation behavior.,11,49,React Spectrum: Form,https://react-spectrum.adobe.com/v3/Form.html,Versioned v3 component reference; native versus ARIA validation behavior.
44,Next candidates,"Label, help and error association helpers",Accessibility,Composition,Adapter,M,State attributes and custom control state exist; applications create label and message IDs and wire their relationships.,Provide stable IDs and composable label/help/error bindings that preserve consumer aria-describedby entries and work across custom hosts.,Improves accessibility consistency at every field without prescribing markup.,Conform documents field IDs and accessible message associations.,None,48,Conform: accessibility,https://conform.guide/accessibility,Official documentation; unversioned unless indicated.
45,Next candidates,Coordination across independent forms,Workflow,Composition,Helper,M,Nested forms and closest-form discovery exist; independent roots have no named coordination registry.,Register roots with scoped names and expose aggregate pending/changed state plus ordered multi-form actions without reparenting nodes.,Supports split screens and separate dialogs whose changes are saved together.,Ant Design Form.Provider links named forms and their events.,"10,25",27,Ant Design: Form,https://ant.design/components/form/,Official documentation; unversioned unless indicated.
46,Next candidates,Managed calculated fields with override policy,Data workflow,Composition,Helper,M,"computed values and onValueChange can implement calculations; callers manage writes, loops and user overrides.","Package a derived-field binding with dependencies, lifecycle, optional manual override and explicit restoration of automatic calculation.","Useful for totals, generated slugs and shipping defaults while preserving user intent.",Final Form Calculate provides declarative field calculations; manual-override policy is our proposed addition.,7,20,Final Form Calculate,https://github.com/final-form/final-form-calculate,Companion decorator; declarative calculations.
47,Next candidates,Extensible typed node metadata,Extensibility,API,Core,M,Constraint metadata exists internally and as fixed public signals; arbitrary public metadata keys are not exported.,"Expose typed keys and explicit reducer/inheritance rules for labels, descriptions and integration hints.","Creates one shared extension surface for inspectors, schema bridges and renderers.",Angular Signal Forms exposes metadata rules and reducers.,None,5,Angular 22.1.6: metadata rules,https://github.com/angular/angular/blob/356adf749188d996a641181c56621a6285126f3c/packages/forms/signals/src/api/rules/metadata.ts,Pinned public metadata mechanism; accompanying tests in test/node/api/metadata.spec.ts.
48,Next candidates,Managed node plugins with disposal,Extensibility,API,Core,L,"Factories, configuration and callbacks are extensible; consumers manually coordinate cross-cutting lifecycle cleanup.","Provide plugin installation, inherited scope, deterministic disposal and opt-in hooks around supported lifecycle events.",Lets optional helpers integrate consistently without adding every feature to node options.,FormKit's architecture supports plugins and node hooks.,47,38,FormKit: architecture,https://formkit.com/essentials/architecture,Official documentation; unversioned unless indicated.
49,Next candidates,Pre-commit change interception,State,API,Core,L,onValueChange observes committed changes; it is not a veto or pre-commit transform.,"Offer an explicit interception contract with source metadata, transform/reject outcomes and reentrancy rules for selected writes.",Supports locked business transitions and centralized normalization that must happen before observers see a value.,"MobX Formkit, the successor of MobX React Form, exposes interceptors backed by MobX.",7,62; 86,MobX Formkit: interceptor implementation; MobX Formkit: project and migration,https://raw.githubusercontent.com/foxhound87/mobx-formkit/master/src/Base.ts; https://github.com/foxhound87/mobx-formkit,"Maintainer source for the successor of MobX React Form; live master, not a release pin.; Maintainer README records the rename and deprecation of the legacy mobx-react-form package."
50,Next candidates,Managed remote choices,Data workflow,Composition,Helper,M,Signals can feed option lists externally; the library does not own option loading state.,"Load options from reactive parameters with cancellation, stable value identity and loading/error/empty states separate from field validity.",Removes repeated async select plumbing while keeping fetching outside the core node.,SurveyJS can load choices from a REST service.,None,68,SurveyJS: RESTful choices,https://surveyjs.io/form-library/documentation/api-reference/choicesrestful,Official documentation; unversioned unless indicated.
51,Conditional investment,Cascading choice reconciliation,Data workflow,Composition,Helper,M,Cross-field callbacks can reset a dependent value; invalidation and races are left to each app.,"Coordinate parent-dependent option changes and explicitly retain, clear or flag selections that are no longer available.",Prevents stale country/city or category/product combinations after upstream edits.,SurveyJS supports choice URLs that reload when referenced answers change.,50,68,SurveyJS: RESTful choices,https://surveyjs.io/form-library/documentation/api-reference/choicesrestful,Official documentation; unversioned unless indicated.
52,Conditional investment,Construct nodes from JSON Schema,Schema integration,Integration,Adapter,L,Factories build typed trees in code; no exported JSON Schema-to-node constructor exists.,"Build node structure, defaults and supported validators from a documented JSON Schema subset, with override hooks and diagnostics.",Enables metadata-driven business forms while preserving manually authored forms as the primary API.,Formly provides a JSON Schema mapping service.,"42,47",59,Formly: JSON Schema,https://formly.dev/docs/guide/json-schema/,Official documentation; unversioned unless indicated.
53,Conditional investment,Schema renderer and component registry,Rendering,Integration,UI package,L,The library binds supplied controls; it does not render a form from metadata.,Ship an optional renderer that resolves field kinds through a registry and binds existing Form Nodes to consumer-selected components.,Allows generated forms without embedding a design system in the core package.,JSON Forms publishes renderer sets for several frameworks.,"47,52",54,JSON Forms: renderer sets,https://jsonforms.io/docs/renderer-sets/,Official documentation; unversioned unless indicated.
54,Conditional investment,Declarative form layout schema,Rendering,Integration,UI package,M,Applications own templates and layout; no serializable layout vocabulary ships.,"Represent sections, groups, tabs and responsive layout separately from data paths, preserving state when layout changes.",Lets a generated form match a usable screen rather than just listing every property.,JSON Forms separates layouts from data schema.,53,55,JSON Forms: layouts,https://jsonforms.io/docs/uischema/layouts/,Official documentation; unversioned unless indicated.
55,Conditional investment,Discriminated-union branch controller,Structure,Composition,Helper,L,Dynamic children and conditional state already exist; callers coordinate alternative shapes and their retained data.,"Manage named schema variants with typed narrowing, explicit branch retention and validation/submission participation.",Fits payment methods and person/company forms without scattered branch cleanup.,Formisch documents schema variants for conditional structures.,"32,52",52,Formisch: migration from Modular Forms,https://formisch.dev/qwik/guides/migrate-from-modular-forms/,Official successor documentation; explicitly records changed and removed semantics.
56,Conditional investment,Per-row schema rendering rules,Rendering,Integration,UI package,M,Array factories can create different nodes; component/layout selection for each row remains application code.,Resolve renderer metadata per item value/index with stable identity and predictable updates when a discriminator changes.,Supports heterogeneous order lines without rebuilding unaffected controls.,react-jsonschema-form supports dynamic per-item UI schema functions.,53,57,react-jsonschema-form: dynamic UI schema,https://rjsf-team.github.io/react-jsonschema-form/docs/api-reference/dynamic-ui-schema-examples/,Official documentation; unversioned unless indicated.
57,Conditional investment,Recursive schema references with lazy expansion,Schema integration,Integration,Adapter,L,Applications can use factories for recursive structures; no schema-reference resolver is exported.,"Resolve reusable and recursive schema references lazily, distinguishing schema cycles from invalid cyclic data and limiting expansion.",Enables tree editors while avoiding eager infinite node construction.,react-jsonschema-form documents schema definitions and references.,52,58,react-jsonschema-form: definitions and references,https://rjsf-team.github.io/react-jsonschema-form/docs/usage/definitions/,Official documentation; unversioned unless indicated.
58,Conditional investment,Client/server form action protocol,Server integration,Integration,Adapter,L,onSubmit accepts arbitrary application handlers; error/result transport has no shared contract.,"Define request/result envelopes, server decoding and validation helpers, and client mapping against the submitted revision.",Reduces duplication between server validation and client form feedback.,Modular Forms historically integrated server actions; Formisch explicitly documents that this integration does not yet carry over.,"1,9,21,28,31",52; 34,Formisch: migration from Modular Forms; Superforms v2: file uploads,https://formisch.dev/qwik/guides/migrate-from-modular-forms/; https://superforms.rocks/concepts/files,Official successor documentation; explicitly records changed and removed semantics.; Official documentation; unversioned unless indicated.
59,Conditional investment,Progressively enhanced native submission,Server integration,Integration,Adapter,L,Current bindings are designed around client node state; a guaranteed no-JavaScript form action flow is not packaged.,Provide an optional native-name/action/encoding contract with client enhancement and equivalent server validation behavior.,Valuable for public forms that must work before hydration or with unavailable client code.,React Router Form enhances native submission; Modular Forms documented a native fallback.,"31,58",50; 52,React Router: Form; Formisch: migration from Modular Forms,https://reactrouter.com/api/components/Form; https://formisch.dev/qwik/guides/migrate-from-modular-forms/,"Adjacent router integration, not a dedicated form state library.; Official successor documentation; explicitly records changed and removed semantics."
60,Conditional investment,Upload progress and task lifecycle,Transport,Integration,Helper,L,Async submit handlers can upload files; progress and per-file tasks are application state.,"Provide a transport-neutral upload task interface for progress, cancellation, failures and mapping accepted files to server attachment IDs.",Improves attachment-heavy forms without coupling the library to fetch or one storage vendor.,Inertia exposes upload progress; Formwerk has basic upload handling.,"19,30",28; 80,Inertia v2: forms; Formwerk: file fields,https://inertiajs.com/docs/v2/the-basics/forms; https://formwerk.dev/guides/fields/file-fields/,"Versioned v2 reference; newer documentation exists, so this is not a latest-version claim.; Official documentation; unversioned unless indicated."
61,Conditional investment,Configurable submission concurrency,Submission,API,Helper,M,Concurrent calls to submit are rejected.,"Add explicit prevent or replace-latest policies, optionally a serialized queue with immutable payload snapshots, while retaining prevent as default.",Supports deliberate repeated saves without hidden parallel writes.,"Superforms documents prevent, allow and abort multiple-submit policies; a queue would be our extension.","19,25",33,Superforms v2: submit behavior,https://superforms.rocks/concepts/submit-behavior,Official documentation; unversioned unless indicated.
62,Conditional investment,Delayed submitting and timeout presentation,Submission UX,Composition,Helper,S,submitting is immediately observable; consumers implement delayed spinners and long-wait notices.,"Expose configurable delayed and long-running signals scoped to an attempt, clearing them on settlement or cancellation.",Avoids flashing spinners while still explaining slow requests.,Superforms exposes loading timers; a timeout indicator does not itself cancel a request.,"19,25",32,Superforms v2: loading timers,https://superforms.rocks/concepts/timers,Official documentation; unversioned unless indicated.
63,Conditional investment,Browser-history form restoration,Persistence,Integration,Adapter,M,Values can be saved manually; no route-entry-scoped restoration contract ships.,"Restore a checkpoint keyed to a specific history entry, including selected step and supported interaction state, with record/schema compatibility checks.",Makes Back/Forward navigation preserve the right draft instead of one global latest copy.,Superforms snapshots integrate with navigation; Inertia can remember keyed form state.,"13,16",30; 28,Superforms v2: snapshots; Inertia v2: forms,https://superforms.rocks/concepts/snapshots; https://inertiajs.com/docs/v2/the-basics/forms,"Official documentation; unversioned unless indicated.; Versioned v2 reference; newer documentation exists, so this is not a latest-version claim."
64,Conditional investment,Draft schema versioning and migration,Persistence,Integration,Helper,M,No persistence layer or schema evolution contract exists.,"Version stored drafts and run explicit migration/discard logic before restoration, keeping an untouched backup until acceptance.",Prevents deployments from breaking or misreading users' saved drafts.,React Form Autosave documents schema versions and migrations; maturity remains unverified.,15,45,React Form Autosave,https://github.com/686f6c61/react-form-autosave,"Small community helper. README evidence only; maintenance, reliability and adoption were not independently established."
65,Conditional investment,Cross-tab draft synchronization with conflicts,Persistence,Integration,Helper,L,Each form instance is independent; cross-tab coordination is application code.,"Exchange draft revisions across tabs, suppress echo loops and surface concurrent edits instead of automatically overwriting changed fields.",Useful for long-running administrative sessions opened in several tabs.,React Form Autosave documents cross-tab synchronization; conflict handling here is our proposed extension.,"4,15,64",45,React Form Autosave,https://github.com/686f6c61/react-form-autosave,"Small community helper. README evidence only; maintenance, reliability and adoption were not independently established."
66,Conditional investment,Offline submission outbox,Persistence,Integration,Helper,L,An offline request failure remains the application's responsibility.,"Persist explicit submissions, retry in a controlled order after reconnection, and expose queued/conflicted items with server idempotency integration.","Useful for field-work applications, but adds substantial storage and backend coordination costs.",Form.io's licensed offline module provides a persistent request queue.,"15,19,25,31",67,Form.io: offline mode,https://help.form.io/developers/offline-mode,"Licensed module; persistent request queue. Inspiration only, not a licensing or purchasing recommendation."
67,Conditional investment,Changes since the last submission,State,Composition,Helper,S,submitted and dirty exist; neither compares current values with the payload of the last attempt.,"Track a separately named last-attempt snapshot and expose changed paths since that attempt, without confusing it with the last successful-save baseline.",Supports retry messaging and deciding whether a displayed rejection still describes current input.,Final Form exposes dirtySinceLastSubmit and per-field variants.,"17,25",18,Final Form: FormState,https://final-form.org/docs/final-form/types/FormState,Official documentation; unversioned unless indicated.
68,Conditional investment,Active and visited field state,Interaction,API,Adapter,M,touched is available; focus() performs an action but there is no shared active-node or visited-field signal.,"Track the active bound control/node and first-visit state, including multiple bindings and custom control focus boundaries.",Enables contextual help and analytics hooks without treating focus as an edit.,Final Form exposes active and visited field information.,None,18,Final Form: FormState,https://final-form.org/docs/final-form/types/FormState,Official documentation; unversioned unless indicated.
69,Conditional investment,Virtualized-form reveal and focus adapter,Accessibility,Composition,Adapter,M,Nodes survive unmounting and arrays preserve identity; offscreen controls cannot be focused until rendered.,"Provide a reveal contract that scrolls/materializes the target row, waits for its binding and then focuses it with cancellation.",Completes error navigation for large tables without introducing DOM-dependent node lifetime.,React Hook Form publishes virtualized-list integration examples; reveal coordination is our proposed packaged addition.,18,15,React Hook Form: advanced usage,https://raw.githubusercontent.com/react-hook-form/documentation/master/src/content/advanced-usage.mdx,"Official recipes, including virtualization; not a built-in virtualization engine."
70,Conditional investment,Logical validator combinators,Validation,Composition,Helper,M,Multiple validators compose conjunctively; arbitrary alternatives require a custom rule.,"Provide typed any/all/not composition with clear nested errors, async short-circuiting and cancellation semantics.",Expresses alternate acceptable inputs without repeatedly rebuilding validator orchestration.,"Vuelidate provides or, and and not combinators.",36,25,Vuelidate: validators,https://vuelidate-next.netlify.app/validators,Official documentation; unversioned unless indicated.
71,Conditional investment,Cross-field cardinality validators,Validation,Composition,Helper,S,requiredIf and custom group validators exist; no reusable at-least/exactly/at-most selection rule ships.,"Validate how many chosen sibling paths are filled or selected, with explicit empty-value rules and targeted feedback.",Covers contact-method requirements and mutually exclusive choices with one reusable family.,jQuery Validation includes require_from_group.,29,64,jQuery Validation: require_from_group implementation,https://raw.githubusercontent.com/jquery-validation/jquery-validation/master/src/additional/require_from_group.js,Official validator source; minimum populated-field count in a configured group.
72,Conditional investment,Numeric step and multiple-of validation,Validation,API,Core,S,min/max/integer exist; no step or multiple-of validator and matching node constraint is exported.,Add decimal-aware step validation with an explicit base and compatible native step synchronization.,"Covers prices, booking intervals and quantity increments without ad hoc floating-point checks.",jQuery Validation implements step validation.,None,65,jQuery Validation: core validator implementation,https://raw.githubusercontent.com/jquery-validation/jquery-validation/master/src/core.js,"Official source; step validation, deferred submission, and reuse of matching remote-validation results."
73,Conditional investment,File acceptance validator family,Validation,Integration,Helper,M,Custom validators can inspect File values; reusable file policies are not exported.,"Validate individual and total size, count and accepted types with structured parameters and clear server-validation parity.",Provides consistent attachment errors while keeping browser accept attributes as selection hints.,Superforms demonstrates file-size schema validation; Formwerk supports file constraints.,30,34; 80,Superforms v2: file uploads; Formwerk: file fields,https://superforms.rocks/concepts/files; https://formwerk.dev/guides/fields/file-fields/,Official documentation; unversioned unless indicated.; Official documentation; unversioned unless indicated.
74,Conditional investment,Maintained locale message packs,Localization,Integration,Adapter,M,"Reactive localization, message catalogs and overrides already exist; consumers supply translations.","Publish optional, individually importable translations for built-in error kinds with parameter-aware messages and fallback rules.",Reduces setup for multilingual applications without changing the existing catalog API.,FormKit ships locale message support.,None,42,FormKit: internationalization,https://formkit.com/essentials/internationalization,Official documentation; unversioned unless indicated.
75,Conditional investment,Serializable conditional-rule interpreter,Schema integration,Integration,Adapter,L,Reactive required/hidden/disabled conditions already work in TypeScript.,"Interpret a bounded declarative rule language over node paths, with registered operations and diagnostics rather than arbitrary script execution.",Allows server-provided form policies without shipping executable application code in schemas.,JSON Forms defines declarative SHOW/HIDE/ENABLE/DISABLE rules.,"29,47",53,JSON Forms: UI schema rules,https://jsonforms.io/docs/uischema/rules/,Official documentation; unversioned unless indicated.
76,Conditional investment,Schema and expression diagnostics,Developer tools,Integration,Tool,M,TypeScript checks authored APIs; runtime schemas and expressions have no dedicated diagnostic pass.,"Report unknown references, unsupported constructs, impossible conditions and rule cycles before rendering, with paths back to the definition.",Makes metadata-driven forms debuggable instead of silently incomplete.,SurveyJS documents expression validation and its newer linter integration.,"52,75",69; 68,SurveyJS: conditional logic; SurveyJS: RESTful choices,https://surveyjs.io/form-library/documentation/design-survey/conditional-logic; https://surveyjs.io/form-library/documentation/api-reference/choicesrestful,Official documentation; unversioned unless indicated.; Official documentation; unversioned unless indicated.
77,Conditional investment,Validation execution trace and profiler,Developer tools,Integration,Tool,M,Tests can count validator runs; no consumer-facing causal timeline or duration view ships.,"Record opt-in rule start/stop/cancel events and triggering node revisions, with redacted data and a bounded development-only buffer.","Explains repeated requests, cancellation storms and expensive cross-field dependencies.","React Hook Form DevTools establishes inspector precedent; detailed causal profiling is an inferred extension, not a claimed RHF feature.",12,13,React Hook Form DevTools,https://github.com/react-hook-form/devtools,Official companion tool; README/API evidence.
78,Conditional investment,Reusable field presentation wrappers,Rendering,Integration,UI package,M,CVA pass-through supports binding composition; it does not generate label/help/error shells.,"Allow composable renderer wrappers for field chrome, descriptions and feedback with one accessibility contract.",Makes generated forms fit an application's design system without duplicating each control implementation.,Formly supports custom field wrappers.,"44,53",60,Formly: custom wrappers,https://formly.dev/docs/guide/custom-formly-wrapper/,Official documentation; unversioned unless indicated.
79,Conditional investment,Named schema presentation presets,Rendering,Integration,UI package,S,Factories share node defaults; generated UI configuration has no reusable preset layer.,"Define overridable bundles of renderer, wrapper, layout and metadata choices, with a documented merge order.",Avoids repeated configuration for recurring concepts such as postal addresses and money fields.,Formly's core configuration includes presets.,"53,78",61,Formly: core API,https://formly.dev/docs/api/core/,Official documentation; unversioned unless indicated.
80,Conditional investment,Schema-driven option labels,Rendering,Integration,Adapter,S,oneOf validates membership; value-to-label option rendering is supplied by applications.,Map schema enums or const/title alternatives into typed option values and display labels with translation hooks.,Keeps machine values stable while giving generated selects understandable labels.,JSON Forms documents enum and oneOf label behavior.,"42,53",56,JSON Forms: labels,https://jsonforms.io/docs/labels/,Official documentation; unversioned unless indicated.
81,Specialized or exploratory,URL query parameter binding,Transport,Integration,Adapter,M,Applications can manually patch nodes from router state; no canonical URL synchronization helper ships.,"Encode filter nodes into query parameters with defaults, repeated values and replace-versus-push policy; restore on navigation without loops.",Makes search/filter forms shareable and compatible with browser history.,React Router Form supports GET submissions that serialize to the URL.,29,50,React Router: Form,https://reactrouter.com/api/components/Form,"Adjacent router integration, not a dedicated form state library."
82,Specialized or exploratory,Locale-aware number and currency control adapter,Controls,Integration,Adapter,M,Native numeric parsing is supported; locale-specific separators and formatting are custom control concerns.,"Provide an optional Intl-based adapter with explicit minor-unit scaling, caret behavior and incomplete-input handling.","Useful for international business forms, although existing UI libraries may already supply an adequate component.",Formwerk provides formatted and localized number fields.,5,79,Formwerk: number fields,https://formwerk.dev/guides/fields/number-fields/,Official documentation; unversioned unless indicated.
83,Specialized or exploratory,Input masks with separate raw values,Controls,Integration,Adapter,L,Consumers can bind mask-capable CVAs; no maintained mask adapter/policy ships.,"Integrate an external mask engine while preserving raw model values, partial input, caret position and parse feedback.",Helps phone and identifier entry; best kept optional because masking behavior is complex.,FormKit Pro provides a mask input.,5,41,FormKit: mask input,https://formkit.com/inputs/mask,"FormKit Pro component; commercial reference, not a dependency recommendation."
84,Specialized or exploratory,Segmented date and time control adapter,Controls,Integration,Adapter,L,Native date/time parsing and CVA interoperability exist; no segmented locale-aware interaction layer ships.,Offer an optional adapter contract for segmented controls with explicit calendar/date/time representation and incomplete-segment errors.,Useful for design systems needing richer input than native controls; representation policy must precede implementation.,Formwerk lists dedicated date and time field composables.,"5,44",78,Formwerk: composables,https://formwerk.dev/guides/composables/,"Vue headless control catalog; high-level capability evidence, not a compatibility test."
85,Specialized or exploratory,Checkbox-group binding to one collection field,Controls,API,Adapter,M,"A native checkbox maps to a boolean; multiple-select maps to a collection, but checkbox collection toggling is not packaged.","Bind several checkboxes to one typed collection with per-option identity, disabled-state and touched/dirty semantics.",Covers permission and preference lists without creating one boolean node per option.,Formwerk provides checkbox groups selecting multiple items.,None,78,Formwerk: composables,https://formwerk.dev/guides/composables/,"Vue headless control catalog; high-level capability evidence, not a compatibility test."
86,Specialized or exploratory,Headless searchable combobox integration,Controls,Integration,Adapter,L,Existing CVAs and custom controls can bind; the library ships no combobox interaction helper.,"Provide an optional contract for query text, selected value, active option, keyboard selection and async choices as separate states.","Useful for reusable design-system controls, but lower priority because mature component libraries already solve much of it.",Formwerk provides combobox composables.,"5,44,50",78,Formwerk: composables,https://formwerk.dev/guides/composables/,"Vue headless control catalog; high-level capability evidence, not a compatibility test."
87,Specialized or exploratory,One-time-password input adapter,Controls,Integration,Adapter,M,An OTP component can use a CVA; no dedicated multi-cell binding contract ships.,"Coordinate cell focus, paste distribution, autofill and one committed code value, with one logical touch/error boundary.",Removes repeated edge cases in authentication controls while remaining outside the core.,Formwerk includes OTP field composables.,44,78,Formwerk: composables,https://formwerk.dev/guides/composables/,"Vue headless control catalog; high-level capability evidence, not a compatibility test."
88,Specialized or exploratory,File dropzone and preview lifecycle helper,Controls,Integration,UI package,M,Generic CVA integration can wrap a dropzone; no file preview ownership helper exists.,"Unify drop and picker selection, validate before preview, and manage object-URL creation/disposal as files are removed or rebound.",Avoids memory leaks and inconsistent attachment interactions.,Formwerk supports dropzones and automatic image/video previews.,"30,73",80,Formwerk: file fields,https://formwerk.dev/guides/fields/file-fields/,Official documentation; unversioned unless indicated.
89,Specialized or exploratory,Multi-thumb range control adapter,Controls,Integration,Adapter,M,Native single-value range controls work; tuple-valued thumb interaction is supplied by custom components.,"Define a tuple-valued adapter with ordered bounds, per-thumb focus and one field-level interaction/error contract.","Useful for price and availability ranges, with modest relevance to the state-library core.",Formwerk describes sliders selecting one or more range values.,44,78,Formwerk: composables,https://formwerk.dev/guides/composables/,"Vue headless control catalog; high-level capability evidence, not a compatibility test."
90,Specialized or exploratory,Accessible repeatable-row editor helpers,Rendering,Composition,UI package,M,Array add/remove/move/swap and a reorderable-array recipe already exist.,"Package row action bindings, focus after add/remove and keyboard/live-region announcements around existing array operations.",Reduces repetitive accessible UI work without pretending array reordering is missing.,FormKit's repeater provides row editing UI; our proposed emphasis is headless accessibility helpers.,44,44,FormKit: repeater,https://formkit.com/inputs/repeater,UI component reference; Form Nodes already provides array mutations.
91,Specialized or exploratory,Branching wizard navigation graph,Workflow,Composition,Helper,L,A linear multi-step recipe exists; callers compute every branch and back-navigation decision.,"Extend a wizard with conditional edges, visited-route history and explicit handling when earlier answers invalidate the current route.","Useful for onboarding and eligibility interviews, but excessive for most ordinary forms.",SurveyJS documents conditional skip logic.,"13,75",70,SurveyJS: skip logic,https://surveyjs.io/survey-creator/documentation/end-user-guide/skip-logic-in-forms,Official documentation; unversioned unless indicated.
92,Specialized or exploratory,Completion and progress model,Workflow,Composition,Helper,M,validity and interaction signals exist; an empty optional field can be valid without being answered.,"Define answered/completed states and weighted progress over participating fields or steps, with configurable empty-value semantics.",Supports long-form progress indicators without conflating completion with validation success.,FormKit exposes a completion state; aggregate weighted progress is our proposed extension.,47,43,FormKit: styling and completion state,https://formkit.com/essentials/styling,Official documentation; unversioned unless indicated.
93,Specialized or exploratory,Matrix and spreadsheet-style question adapter,Specialized UI,Integration,UI package,L,Nested forms/arrays can represent cells; there is no matrix interaction or column-schema helper.,"Build an optional row/column renderer with cell validation navigation, column metadata and accessible keyboard traversal.","Relevant to assessments and bulk administrative entry, but too specialized for default exports.",SurveyJS provides matrix table questions.,"53,69",71,SurveyJS: matrix table,https://surveyjs.io/form-library/documentation/api-reference/matrix-table-with-dropdown-list,Official documentation; unversioned unless indicated.
94,Specialized or exploratory,Ranking question adapter,Specialized UI,Integration,UI package,M,Arrays can reorder values; ranking options and selection constraints are application UI.,"Represent a ranked subset of named choices with keyboard reordering, labels and completion rules.",Useful for surveys and preference collection; does not justify changing array semantics.,SurveyJS provides ranking questions with selectable choice metadata.,"44,90",72,SurveyJS: ranking question,https://surveyjs.io/form-library/examples/add-ranking-question-to-form/documentation,Official documentation; unversioned unless indicated.
95,Specialized or exploratory,Signature capture adapter,Specialized UI,Integration,Adapter,M,Rich atomic values and custom controls can hold a signature; no capture adapter is provided.,Integrate a maintained signature canvas with explicit empty/reset/export behavior and resource cleanup.,Useful in a narrow class of workflows; capturing an image alone makes no claim about signature assurance.,SurveyJS includes a signature-pad question with image export formats.,44,73,SurveyJS: signature pad,https://surveyjs.io/form-library/examples/signature-pad-widget-javascript/documentation,Official documentation; unversioned unless indicated.
96,Specialized or exploratory,Read-only review rendering,Rendering,Integration,UI package,M,readonly state and direct value reads exist; applications author their own human-readable summaries.,"Render labeled values, option titles and grouped review sections without mounting disabled input widgets, with links back to editable fields.",Provides a reusable confirmation screen; it should consume values without changing node interaction or validation state.,SurveyJS demonstrates a consolidated read-only review mode.,"47,53,80",74,SurveyJS: review mode,https://surveyjs.io/form-library/examples/review-mode-for-quiz-results/documentation,Official example; review layout and read-only presentation.
97,Specialized or exploratory,Printable and PDF form export,Specialized output,Integration,UI package,L,Consumers can serialize values but no document renderer ships.,"Offer a separate bridge from labels, layout and values to a print/PDF engine, documenting differences from interactive browser layout.","Useful for records and sharing, but a substantial adjacent product with its own rendering costs.",SurveyJS PDF Generator exports editable or read-only documents and is a separate commercial product.,"47,54,96",75,SurveyJS: PDF Generator overview,https://surveyjs.io/pdf-generator/documentation/overview,"Separate commercial product; export capability only, no legal-signature claims relied on."
98,Specialized or exploratory,Quiz scoring separate from validation,Specialized workflow,Composition,Helper,M,"Custom validators can identify wrong answers, but they would incorrectly make acceptable quiz responses invalid.",Provide optional answer-key/scoring metadata and result aggregation independent of form validity and submission gates.,Useful for assessments only; avoid encoding correctness as a blocking validation error.,SurveyJS demonstrates weighted quiz scoring using answer metadata and application calculations.,47,76,SurveyJS: scored quiz,https://surveyjs.io/form-library/examples/create-a-scored-quiz/documentation,Official example; weighted scoring includes application code.
99,Specialized or exploratory,Visual form designer,Developer tools,Integration,Tool,L,Forms are authored in TypeScript and templates; no drag-and-drop schema editor exists.,"Build a separate designer with a constrained schema editor, preview and import/export, only after a renderer/schema contract stabilizes.","Could serve non-developer teams, but would create a new product and should be demand-led.",SurveyJS Survey Creator offers visual form authoring.,"52,53,54,76",77,SurveyJS: Survey Creator v2 overview,https://surveyjs.io/survey-creator/documentation/creator-v2-whats-new,"Historical v2 product reference; visual builder, distinct from the headless state library."
100,Specialized or exploratory,Experimental WebMCP form integration,Automation,Integration,Adapter,L,No public adapter exposes a form as an agent-callable browser tool.,"Explore an explicitly enabled integration using declared schemas, bounded field access and the existing submit pipeline; expose validation failures as structured results.","Potentially useful later, but experimental browser/platform dependence makes it the lowest-priority item.",Angular 22.1.6 contains experimental form WebMCP registration and tests.,"1,24,47",6,Angular 22.1.6: WebMCP registration,https://github.com/angular/angular/blob/356adf749188d996a641181c56621a6285126f3c/packages/forms/signals/src/webmcp/registration.ts,Experimental API despite its presence in a stable Angular release; accompanying tests in test/web/webmcp.spec.ts.
